"skupina1","skupina2"
0.510204082,1.260204082
0.510204082,0.239795918
-0.510204082,1.260204082
-0.510204082,0.239795918
